Timestamp,What type of music do you usually listen to at different times of the day? [Morning],What type of music do you usually listen to at different times of the day? [Afternoon],What type of music do you usually listen to at different times of the day? [Evening],What type of music do you usually listen to at different times of the day? [Night],What type of music do you prefer based on the weather?  [For Rainy Weather],What type of music do you prefer based on the weather?  [Non-Rainy Weather],What type of music do you prefer based on the temperature?  [When the temperature is high (above 30Â°C)],What type of music do you prefer based on the temperature?  [When the temperature is low],What type of music do you prefer based on the brightness of your environment?  [In dim light],What type of music do you prefer based on the brightness of your environment?  [In bright light]
05/10/2024 01:09:56,"Upbeat (Pop, Hip-Hop, Rap, Workout Music, Pop Rock)","Calm (Chill, R&B, Soul, Soft Rock, Indie Folk, Singer-Songwriter)","Relaxing (Lo-fi Beats, Chillhop, Classical, Jazz, Acoustic, Ambient)","Mellow (Ambient, Dream Pop, Downtempo,Indie Folk, Acoustic)","Relaxing (Lo-fi Beats, Chillhop, Classical, Jazz, Acoustic, Ambient)","Upbeat (Pop, Hip-Hop, Rap, Workout Music, Pop Rock)","Upbeat (Pop, Hip-Hop, Rap, Workout Music, Pop Rock)","Calm (Chill, R&B, Soul, Soft Rock, Indie Folk, Singer-Songwriter)","Relaxing (Lo-fi Beats, Chillhop, Classical, Jazz, Acoustic, Ambient)","Upbeat (Pop, Hip-Hop, Rap, Workout Music, Pop Rock)"
05/10/2024 01:13:55,"Upbeat (Pop, Hip-Hop, Rap, Workout Music, Pop Rock)","Calm (Chill, R&B, Soul, Soft Rock, Indie Folk, Singer-Songwriter)","Relaxing (Lo-fi Beats, Chillhop, Classical, Jazz, Acoustic, Ambient)","Mellow (Ambient, Dream Pop, Downtempo,Indie Folk, Acoustic)","Calm (Chill, R&B, Soul, Soft Rock, Indie Folk, Singer-Songwriter)","Upbeat (Pop, Hip-Hop, Rap, Workout Music, Pop Rock)","Relaxing (Lo-fi Beats, Chillhop, Classical, Jazz, Acoustic, Ambient)","Calm (Chill, R&B, Soul, Soft Rock, Indie Folk, Singer-Songwriter)","Calm (Chill, R&B, Soul, Soft Rock, Indie Folk, Singer-Songwriter)","Mellow (Ambient, Dream Pop, Downtempo,Indie Folk, Acoustic)"
05/10/2024 01:15:06,"Calm (Chill, R&B, Soul, Soft Rock, Indie Folk, Singer-Songwriter)","Relaxing (Lo-fi Beats, Chillhop, Classical, Jazz, Acoustic, Ambient)","Upbeat (Pop, Hip-Hop, Rap, Workout Music, Pop Rock)","Upbeat (Pop, Hip-Hop, Rap, Workout Music, Pop Rock)","Relaxing (Lo-fi Beats, Chillhop, Classical, Jazz, Acoustic, Ambient)","Upbeat (Pop, Hip-Hop, Rap, Workout Music, Pop Rock)","Calm (Chill, R&B, Soul, Soft Rock, Indie Folk, Singer-Songwriter)","Upbeat (Pop, Hip-Hop, Rap, Workout Music, Pop Rock)","Upbeat (Pop, Hip-Hop, Rap, Workout Music, Pop Rock)","Calm (Chill, R&B, Soul, Soft Rock, Indie Folk, Singer-Songwriter)"
05/10/2024 01:16:33,"Calm (Chill, R&B, Soul, Soft Rock, Indie Folk, Singer-Songwriter)","Relaxing (Lo-fi Beats, Chillhop, Classical, Jazz, Acoustic, Ambient)","Upbeat (Pop, Hip-Hop, Rap, Workout Music, Pop Rock)","Mellow (Ambient, Dream Pop, Downtempo,Indie Folk, Acoustic)","Relaxing (Lo-fi Beats, Chillhop, Classical, Jazz, Acoustic, Ambient)","Upbeat (Pop, Hip-Hop, Rap, Workout Music, Pop Rock)","Upbeat (Pop, Hip-Hop, Rap, Workout Music, Pop Rock)","Calm (Chill, R&B, Soul, Soft Rock, Indie Folk, Singer-Songwriter)","Mellow (Ambient, Dream Pop, Downtempo,Indie Folk, Acoustic)","Upbeat (Pop, Hip-Hop, Rap, Workout Music, Pop Rock)"
05/10/2024 01:29:31,"Upbeat (Pop, Hip-Hop, Rap, Workout Music, Pop Rock)","Relaxing (Lo-fi Beats, Chillhop, Classical, Jazz, Acoustic, Ambient)","Calm (Chill, R&B, Soul, Soft Rock, Indie Folk, Singer-Songwriter)","Mellow (Ambient, Dream Pop, Downtempo,Indie Folk, Acoustic)","Relaxing (Lo-fi Beats, Chillhop, Classical, Jazz, Acoustic, Ambient)","Upbeat (Pop, Hip-Hop, Rap, Workout Music, Pop Rock)","Upbeat (Pop, Hip-Hop, Rap, Workout Music, Pop Rock)","Calm (Chill, R&B, Soul, Soft Rock, Indie Folk, Singer-Songwriter)","Calm (Chill, R&B, Soul, Soft Rock, Indie Folk, Singer-Songwriter)","Upbeat (Pop, Hip-Hop, Rap, Workout Music, Pop Rock)"
05/10/2024 09:01:07,"Upbeat (Pop, Hip-Hop, Rap, Workout Music, Pop Rock)","Upbeat (Pop, Hip-Hop, Rap, Workout Music, Pop Rock)","Calm (Chill, R&B, Soul, Soft Rock, Indie Folk, Singer-Songwriter)","Relaxing (Lo-fi Beats, Chillhop, Classical, Jazz, Acoustic, Ambient)","Calm (Chill, R&B, Soul, Soft Rock, Indie Folk, Singer-Songwriter)","Relaxing (Lo-fi Beats, Chillhop, Classical, Jazz, Acoustic, Ambient)","Upbeat (Pop, Hip-Hop, Rap, Workout Music, Pop Rock)","Calm (Chill, R&B, Soul, Soft Rock, Indie Folk, Singer-Songwriter)","Relaxing (Lo-fi Beats, Chillhop, Classical, Jazz, Acoustic, Ambient)","Calm (Chill, R&B, Soul, Soft Rock, Indie Folk, Singer-Songwriter)"
05/10/2024 10:48:52,"Upbeat (Pop, Hip-Hop, Rap, Workout Music, Pop Rock)","Upbeat (Pop, Hip-Hop, Rap, Workout Music, Pop Rock)","Relaxing (Lo-fi Beats, Chillhop, Classical, Jazz, Acoustic, Ambient)","Calm (Chill, R&B, Soul, Soft Rock, Indie Folk, Singer-Songwriter)","Mellow (Ambient, Dream Pop, Downtempo,Indie Folk, Acoustic)","Upbeat (Pop, Hip-Hop, Rap, Workout Music, Pop Rock)","Relaxing (Lo-fi Beats, Chillhop, Classical, Jazz, Acoustic, Ambient)","Calm (Chill, R&B, Soul, Soft Rock, Indie Folk, Singer-Songwriter)","Mellow (Ambient, Dream Pop, Downtempo,Indie Folk, Acoustic)","Upbeat (Pop, Hip-Hop, Rap, Workout Music, Pop Rock)"
05/10/2024 10:52:46,"Relaxing (Lo-fi Beats, Chillhop, Classical, Jazz, Acoustic, Ambient)","Calm (Chill, R&B, Soul, Soft Rock, Indie Folk, Singer-Songwriter)","Calm (Chill, R&B, Soul, Soft Rock, Indie Folk, Singer-Songwriter)","Calm (Chill, R&B, Soul, Soft Rock, Indie Folk, Singer-Songwriter)","Mellow (Ambient, Dream Pop, Downtempo,Indie Folk, Acoustic)","Mellow (Ambient, Dream Pop, Downtempo,Indie Folk, Acoustic)","Relaxing (Lo-fi Beats, Chillhop, Classical, Jazz, Acoustic, Ambient)","Upbeat (Pop, Hip-Hop, Rap, Workout Music, Pop Rock)","Upbeat (Pop, Hip-Hop, Rap, Workout Music, Pop Rock)","Calm (Chill, R&B, Soul, Soft Rock, Indie Folk, Singer-Songwriter)"
05/10/2024 10:53:25,"Relaxing (Lo-fi Beats, Chillhop, Classical, Jazz, Acoustic, Ambient)","Upbeat (Pop, Hip-Hop, Rap, Workout Music, Pop Rock)","Upbeat (Pop, Hip-Hop, Rap, Workout Music, Pop Rock)","Relaxing (Lo-fi Beats, Chillhop, Classical, Jazz, Acoustic, Ambient)","Relaxing (Lo-fi Beats, Chillhop, Classical, Jazz, Acoustic, Ambient)","Calm (Chill, R&B, Soul, Soft Rock, Indie Folk, Singer-Songwriter)","Upbeat (Pop, Hip-Hop, Rap, Workout Music, Pop Rock)","Relaxing (Lo-fi Beats, Chillhop, Classical, Jazz, Acoustic, Ambient)","Calm (Chill, R&B, Soul, Soft Rock, Indie Folk, Singer-Songwriter)","Relaxing (Lo-fi Beats, Chillhop, Classical, Jazz, Acoustic, Ambient)"
05/10/2024 10:53:42,"Calm (Chill, R&B, Soul, Soft Rock, Indie Folk, Singer-Songwriter)","Upbeat (Pop, Hip-Hop, Rap, Workout Music, Pop Rock)","Relaxing (Lo-fi Beats, Chillhop, Classical, Jazz, Acoustic, Ambient)","Mellow (Ambient, Dream Pop, Downtempo,Indie Folk, Acoustic)","Relaxing (Lo-fi Beats, Chillhop, Classical, Jazz, Acoustic, Ambient)","Upbeat (Pop, Hip-Hop, Rap, Workout Music, Pop Rock)","Upbeat (Pop, Hip-Hop, Rap, Workout Music, Pop Rock)","Calm (Chill, R&B, Soul, Soft Rock, Indie Folk, Singer-Songwriter)","Calm (Chill, R&B, Soul, Soft Rock, Indie Folk, Singer-Songwriter)","Mellow (Ambient, Dream Pop, Downtempo,Indie Folk, Acoustic)"
05/10/2024 10:59:20,"Upbeat (Pop, Hip-Hop, Rap, Workout Music, Pop Rock)","Relaxing (Lo-fi Beats, Chillhop, Classical, Jazz, Acoustic, Ambient)","Calm (Chill, R&B, Soul, Soft Rock, Indie Folk, Singer-Songwriter)","Calm (Chill, R&B, Soul, Soft Rock, Indie Folk, Singer-Songwriter)","Upbeat (Pop, Hip-Hop, Rap, Workout Music, Pop Rock)","Relaxing (Lo-fi Beats, Chillhop, Classical, Jazz, Acoustic, Ambient)","Upbeat (Pop, Hip-Hop, Rap, Workout Music, Pop Rock)","Upbeat (Pop, Hip-Hop, Rap, Workout Music, Pop Rock)","Relaxing (Lo-fi Beats, Chillhop, Classical, Jazz, Acoustic, Ambient)","Upbeat (Pop, Hip-Hop, Rap, Workout Music, Pop Rock)"
05/10/2024 11:00:35,"Relaxing (Lo-fi Beats, Chillhop, Classical, Jazz, Acoustic, Ambient)","Mellow (Ambient, Dream Pop, Downtempo,Indie Folk, Acoustic)","Upbeat (Pop, Hip-Hop, Rap, Workout Music, Pop Rock)","Calm (Chill, R&B, Soul, Soft Rock, Indie Folk, Singer-Songwriter)","Relaxing (Lo-fi Beats, Chillhop, Classical, Jazz, Acoustic, Ambient)","Calm (Chill, R&B, Soul, Soft Rock, Indie Folk, Singer-Songwriter)","Upbeat (Pop, Hip-Hop, Rap, Workout Music, Pop Rock)","Mellow (Ambient, Dream Pop, Downtempo,Indie Folk, Acoustic)","Calm (Chill, R&B, Soul, Soft Rock, Indie Folk, Singer-Songwriter)","Relaxing (Lo-fi Beats, Chillhop, Classical, Jazz, Acoustic, Ambient)"
05/10/2024 11:03:27,"Upbeat (Pop, Hip-Hop, Rap, Workout Music, Pop Rock)","Calm (Chill, R&B, Soul, Soft Rock, Indie Folk, Singer-Songwriter)","Mellow (Ambient, Dream Pop, Downtempo,Indie Folk, Acoustic)","Relaxing (Lo-fi Beats, Chillhop, Classical, Jazz, Acoustic, Ambient)","Relaxing (Lo-fi Beats, Chillhop, Classical, Jazz, Acoustic, Ambient)","Upbeat (Pop, Hip-Hop, Rap, Workout Music, Pop Rock)","Upbeat (Pop, Hip-Hop, Rap, Workout Music, Pop Rock)","Calm (Chill, R&B, Soul, Soft Rock, Indie Folk, Singer-Songwriter)","Relaxing (Lo-fi Beats, Chillhop, Classical, Jazz, Acoustic, Ambient)","Mellow (Ambient, Dream Pop, Downtempo,Indie Folk, Acoustic)"
05/10/2024 11:03:46,"Upbeat (Pop, Hip-Hop, Rap, Workout Music, Pop Rock)","Upbeat (Pop, Hip-Hop, Rap, Workout Music, Pop Rock)","Relaxing (Lo-fi Beats, Chillhop, Classical, Jazz, Acoustic, Ambient)","Calm (Chill, R&B, Soul, Soft Rock, Indie Folk, Singer-Songwriter)","Calm (Chill, R&B, Soul, Soft Rock, Indie Folk, Singer-Songwriter)","Mellow (Ambient, Dream Pop, Downtempo,Indie Folk, Acoustic)","Upbeat (Pop, Hip-Hop, Rap, Workout Music, Pop Rock)","Relaxing (Lo-fi Beats, Chillhop, Classical, Jazz, Acoustic, Ambient)","Calm (Chill, R&B, Soul, Soft Rock, Indie Folk, Singer-Songwriter)","Upbeat (Pop, Hip-Hop, Rap, Workout Music, Pop Rock)"
05/10/2024 11:04:23,"Upbeat (Pop, Hip-Hop, Rap, Workout Music, Pop Rock)","Upbeat (Pop, Hip-Hop, Rap, Workout Music, Pop Rock)","Relaxing (Lo-fi Beats, Chillhop, Classical, Jazz, Acoustic, Ambient)","Relaxing (Lo-fi Beats, Chillhop, Classical, Jazz, Acoustic, Ambient)","Relaxing (Lo-fi Beats, Chillhop, Classical, Jazz, Acoustic, Ambient)","Calm (Chill, R&B, Soul, Soft Rock, Indie Folk, Singer-Songwriter)","Upbeat (Pop, Hip-Hop, Rap, Workout Music, Pop Rock)","Calm (Chill, R&B, Soul, Soft Rock, Indie Folk, Singer-Songwriter)","Upbeat (Pop, Hip-Hop, Rap, Workout Music, Pop Rock)","Calm (Chill, R&B, Soul, Soft Rock, Indie Folk, Singer-Songwriter)"
05/10/2024 11:06:06,"Relaxing (Lo-fi Beats, Chillhop, Classical, Jazz, Acoustic, Ambient)","Calm (Chill, R&B, Soul, Soft Rock, Indie Folk, Singer-Songwriter)","Upbeat (Pop, Hip-Hop, Rap, Workout Music, Pop Rock)","Calm (Chill, R&B, Soul, Soft Rock, Indie Folk, Singer-Songwriter)","Mellow (Ambient, Dream Pop, Downtempo,Indie Folk, Acoustic)","Relaxing (Lo-fi Beats, Chillhop, Classical, Jazz, Acoustic, Ambient)","Relaxing (Lo-fi Beats, Chillhop, Classical, Jazz, Acoustic, Ambient)","Calm (Chill, R&B, Soul, Soft Rock, Indie Folk, Singer-Songwriter)","Calm (Chill, R&B, Soul, Soft Rock, Indie Folk, Singer-Songwriter)","Relaxing (Lo-fi Beats, Chillhop, Classical, Jazz, Acoustic, Ambient)"
05/10/2024 11:07:22,"Relaxing (Lo-fi Beats, Chillhop, Classical, Jazz, Acoustic, Ambient)","Upbeat (Pop, Hip-Hop, Rap, Workout Music, Pop Rock)","Calm (Chill, R&B, Soul, Soft Rock, Indie Folk, Singer-Songwriter)","Calm (Chill, R&B, Soul, Soft Rock, Indie Folk, Singer-Songwriter)","Relaxing (Lo-fi Beats, Chillhop, Classical, Jazz, Acoustic, Ambient)","Upbeat (Pop, Hip-Hop, Rap, Workout Music, Pop Rock)","Upbeat (Pop, Hip-Hop, Rap, Workout Music, Pop Rock)","Mellow (Ambient, Dream Pop, Downtempo,Indie Folk, Acoustic)","Relaxing (Lo-fi Beats, Chillhop, Classical, Jazz, Acoustic, Ambient)","Upbeat (Pop, Hip-Hop, Rap, Workout Music, Pop Rock)"
05/10/2024 11:08:37,"Calm (Chill, R&B, Soul, Soft Rock, Indie Folk, Singer-Songwriter)","Upbeat (Pop, Hip-Hop, Rap, Workout Music, Pop Rock)","Mellow (Ambient, Dream Pop, Downtempo,Indie Folk, Acoustic)","Relaxing (Lo-fi Beats, Chillhop, Classical, Jazz, Acoustic, Ambient)","Relaxing (Lo-fi Beats, Chillhop, Classical, Jazz, Acoustic, Ambient)","Mellow (Ambient, Dream Pop, Downtempo,Indie Folk, Acoustic)","Upbeat (Pop, Hip-Hop, Rap, Workout Music, Pop Rock)","Relaxing (Lo-fi Beats, Chillhop, Classical, Jazz, Acoustic, Ambient)","Relaxing (Lo-fi Beats, Chillhop, Classical, Jazz, Acoustic, Ambient)","Upbeat (Pop, Hip-Hop, Rap, Workout Music, Pop Rock)"
05/10/2024 11:09:30,"Calm (Chill, R&B, Soul, Soft Rock, Indie Folk, Singer-Songwriter)","Upbeat (Pop, Hip-Hop, Rap, Workout Music, Pop Rock)","Calm (Chill, R&B, Soul, Soft Rock, Indie Folk, Singer-Songwriter)","Mellow (Ambient, Dream Pop, Downtempo,Indie Folk, Acoustic)","Calm (Chill, R&B, Soul, Soft Rock, Indie Folk, Singer-Songwriter)","Relaxing (Lo-fi Beats, Chillhop, Classical, Jazz, Acoustic, Ambient)","Relaxing (Lo-fi Beats, Chillhop, Classical, Jazz, Acoustic, Ambient)","Relaxing (Lo-fi Beats, Chillhop, Classical, Jazz, Acoustic, Ambient)","Calm (Chill, R&B, Soul, Soft Rock, Indie Folk, Singer-Songwriter)","Relaxing (Lo-fi Beats, Chillhop, Classical, Jazz, Acoustic, Ambient)"
05/10/2024 11:10:25,"Relaxing (Lo-fi Beats, Chillhop, Classical, Jazz, Acoustic, Ambient)","Mellow (Ambient, Dream Pop, Downtempo,Indie Folk, Acoustic)","Upbeat (Pop, Hip-Hop, Rap, Workout Music, Pop Rock)","Calm (Chill, R&B, Soul, Soft Rock, Indie Folk, Singer-Songwriter)","Relaxing (Lo-fi Beats, Chillhop, Classical, Jazz, Acoustic, Ambient)","Upbeat (Pop, Hip-Hop, Rap, Workout Music, Pop Rock)","Upbeat (Pop, Hip-Hop, Rap, Workout Music, Pop Rock)","Relaxing (Lo-fi Beats, Chillhop, Classical, Jazz, Acoustic, Ambient)","Relaxing (Lo-fi Beats, Chillhop, Classical, Jazz, Acoustic, Ambient)","Upbeat (Pop, Hip-Hop, Rap, Workout Music, Pop Rock)"
05/10/2024 11:11:45,"Relaxing (Lo-fi Beats, Chillhop, Classical, Jazz, Acoustic, Ambient)","Upbeat (Pop, Hip-Hop, Rap, Workout Music, Pop Rock)","Calm (Chill, R&B, Soul, Soft Rock, Indie Folk, Singer-Songwriter)","Relaxing (Lo-fi Beats, Chillhop, Classical, Jazz, Acoustic, Ambient)","Calm (Chill, R&B, Soul, Soft Rock, Indie Folk, Singer-Songwriter)","Relaxing (Lo-fi Beats, Chillhop, Classical, Jazz, Acoustic, Ambient)","Mellow (Ambient, Dream Pop, Downtempo,Indie Folk, Acoustic)","Calm (Chill, R&B, Soul, Soft Rock, Indie Folk, Singer-Songwriter)","Calm (Chill, R&B, Soul, Soft Rock, Indie Folk, Singer-Songwriter)","Mellow (Ambient, Dream Pop, Downtempo,Indie Folk, Acoustic)"
05/10/2024 11:11:55,"Upbeat (Pop, Hip-Hop, Rap, Workout Music, Pop Rock)","Relaxing (Lo-fi Beats, Chillhop, Classical, Jazz, Acoustic, Ambient)","Upbeat (Pop, Hip-Hop, Rap, Workout Music, Pop Rock)","Calm (Chill, R&B, Soul, Soft Rock, Indie Folk, Singer-Songwriter)","Upbeat (Pop, Hip-Hop, Rap, Workout Music, Pop Rock)","Calm (Chill, R&B, Soul, Soft Rock, Indie Folk, Singer-Songwriter)","Relaxing (Lo-fi Beats, Chillhop, Classical, Jazz, Acoustic, Ambient)","Mellow (Ambient, Dream Pop, Downtempo,Indie Folk, Acoustic)","Upbeat (Pop, Hip-Hop, Rap, Workout Music, Pop Rock)","Mellow (Ambient, Dream Pop, Downtempo,Indie Folk, Acoustic)"
05/10/2024 11:14:06,"Upbeat (Pop, Hip-Hop, Rap, Workout Music, Pop Rock)","Upbeat (Pop, Hip-Hop, Rap, Workout Music, Pop Rock)","Upbeat (Pop, Hip-Hop, Rap, Workout Music, Pop Rock)","Mellow (Ambient, Dream Pop, Downtempo,Indie Folk, Acoustic)","Relaxing (Lo-fi Beats, Chillhop, Classical, Jazz, Acoustic, Ambient)","Relaxing (Lo-fi Beats, Chillhop, Classical, Jazz, Acoustic, Ambient)","Upbeat (Pop, Hip-Hop, Rap, Workout Music, Pop Rock)","Relaxing (Lo-fi Beats, Chillhop, Classical, Jazz, Acoustic, Ambient)","Relaxing (Lo-fi Beats, Chillhop, Classical, Jazz, Acoustic, Ambient)","Relaxing (Lo-fi Beats, Chillhop, Classical, Jazz, Acoustic, Ambient)"
05/10/2024 11:14:34,"Relaxing (Lo-fi Beats, Chillhop, Classical, Jazz, Acoustic, Ambient)","Upbeat (Pop, Hip-Hop, Rap, Workout Music, Pop Rock)","Upbeat (Pop, Hip-Hop, Rap, Workout Music, Pop Rock)","Relaxing (Lo-fi Beats, Chillhop, Classical, Jazz, Acoustic, Ambient)","Relaxing (Lo-fi Beats, Chillhop, Classical, Jazz, Acoustic, Ambient)","Upbeat (Pop, Hip-Hop, Rap, Workout Music, Pop Rock)","Upbeat (Pop, Hip-Hop, Rap, Workout Music, Pop Rock)","Relaxing (Lo-fi Beats, Chillhop, Classical, Jazz, Acoustic, Ambient)","Relaxing (Lo-fi Beats, Chillhop, Classical, Jazz, Acoustic, Ambient)","Upbeat (Pop, Hip-Hop, Rap, Workout Music, Pop Rock)"
05/10/2024 11:15:26,"Upbeat (Pop, Hip-Hop, Rap, Workout Music, Pop Rock)","Upbeat (Pop, Hip-Hop, Rap, Workout Music, Pop Rock)","Upbeat (Pop, Hip-Hop, Rap, Workout Music, Pop Rock)","Upbeat (Pop, Hip-Hop, Rap, Workout Music, Pop Rock)","Relaxing (Lo-fi Beats, Chillhop, Classical, Jazz, Acoustic, Ambient)","Upbeat (Pop, Hip-Hop, Rap, Workout Music, Pop Rock)","Upbeat (Pop, Hip-Hop, Rap, Workout Music, Pop Rock)","Calm (Chill, R&B, Soul, Soft Rock, Indie Folk, Singer-Songwriter)","Upbeat (Pop, Hip-Hop, Rap, Workout Music, Pop Rock)","Calm (Chill, R&B, Soul, Soft Rock, Indie Folk, Singer-Songwriter)"
05/10/2024 11:16:50,"Calm (Chill, R&B, Soul, Soft Rock, Indie Folk, Singer-Songwriter)","Upbeat (Pop, Hip-Hop, Rap, Workout Music, Pop Rock)","Relaxing (Lo-fi Beats, Chillhop, Classical, Jazz, Acoustic, Ambient)","Relaxing (Lo-fi Beats, Chillhop, Classical, Jazz, Acoustic, Ambient)","Relaxing (Lo-fi Beats, Chillhop, Classical, Jazz, Acoustic, Ambient)","Upbeat (Pop, Hip-Hop, Rap, Workout Music, Pop Rock)","Upbeat (Pop, Hip-Hop, Rap, Workout Music, Pop Rock)","Calm (Chill, R&B, Soul, Soft Rock, Indie Folk, Singer-Songwriter)","Relaxing (Lo-fi Beats, Chillhop, Classical, Jazz, Acoustic, Ambient)","Upbeat (Pop, Hip-Hop, Rap, Workout Music, Pop Rock)"
05/10/2024 11:21:28,"Mellow (Ambient, Dream Pop, Downtempo,Indie Folk, Acoustic)","Upbeat (Pop, Hip-Hop, Rap, Workout Music, Pop Rock)","Upbeat (Pop, Hip-Hop, Rap, Workout Music, Pop Rock)","Relaxing (Lo-fi Beats, Chillhop, Classical, Jazz, Acoustic, Ambient)","Mellow (Ambient, Dream Pop, Downtempo,Indie Folk, Acoustic)","Upbeat (Pop, Hip-Hop, Rap, Workout Music, Pop Rock)","Calm (Chill, R&B, Soul, Soft Rock, Indie Folk, Singer-Songwriter)","Upbeat (Pop, Hip-Hop, Rap, Workout Music, Pop Rock)","Relaxing (Lo-fi Beats, Chillhop, Classical, Jazz, Acoustic, Ambient)","Upbeat (Pop, Hip-Hop, Rap, Workout Music, Pop Rock)"
05/10/2024 11:21:56,"Mellow (Ambient, Dream Pop, Downtempo,Indie Folk, Acoustic)","Upbeat (Pop, Hip-Hop, Rap, Workout Music, Pop Rock)","Relaxing (Lo-fi Beats, Chillhop, Classical, Jazz, Acoustic, Ambient)","Calm (Chill, R&B, Soul, Soft Rock, Indie Folk, Singer-Songwriter)","Relaxing (Lo-fi Beats, Chillhop, Classical, Jazz, Acoustic, Ambient)","Upbeat (Pop, Hip-Hop, Rap, Workout Music, Pop Rock)","Upbeat (Pop, Hip-Hop, Rap, Workout Music, Pop Rock)","Relaxing (Lo-fi Beats, Chillhop, Classical, Jazz, Acoustic, Ambient)","Relaxing (Lo-fi Beats, Chillhop, Classical, Jazz, Acoustic, Ambient)","Calm (Chill, R&B, Soul, Soft Rock, Indie Folk, Singer-Songwriter)"
05/10/2024 11:22:05,"Calm (Chill, R&B, Soul, Soft Rock, Indie Folk, Singer-Songwriter)","Upbeat (Pop, Hip-Hop, Rap, Workout Music, Pop Rock)","Upbeat (Pop, Hip-Hop, Rap, Workout Music, Pop Rock)","Relaxing (Lo-fi Beats, Chillhop, Classical, Jazz, Acoustic, Ambient)","Upbeat (Pop, Hip-Hop, Rap, Workout Music, Pop Rock)","Relaxing (Lo-fi Beats, Chillhop, Classical, Jazz, Acoustic, Ambient)","Relaxing (Lo-fi Beats, Chillhop, Classical, Jazz, Acoustic, Ambient)","Upbeat (Pop, Hip-Hop, Rap, Workout Music, Pop Rock)","Relaxing (Lo-fi Beats, Chillhop, Classical, Jazz, Acoustic, Ambient)","Relaxing (Lo-fi Beats, Chillhop, Classical, Jazz, Acoustic, Ambient)"
05/10/2024 11:22:21,"Calm (Chill, R&B, Soul, Soft Rock, Indie Folk, Singer-Songwriter)","Relaxing (Lo-fi Beats, Chillhop, Classical, Jazz, Acoustic, Ambient)","Relaxing (Lo-fi Beats, Chillhop, Classical, Jazz, Acoustic, Ambient)","Upbeat (Pop, Hip-Hop, Rap, Workout Music, Pop Rock)","Calm (Chill, R&B, Soul, Soft Rock, Indie Folk, Singer-Songwriter)","Upbeat (Pop, Hip-Hop, Rap, Workout Music, Pop Rock)","Upbeat (Pop, Hip-Hop, Rap, Workout Music, Pop Rock)","Relaxing (Lo-fi Beats, Chillhop, Classical, Jazz, Acoustic, Ambient)","Upbeat (Pop, Hip-Hop, Rap, Workout Music, Pop Rock)","Upbeat (Pop, Hip-Hop, Rap, Workout Music, Pop Rock)"
05/10/2024 11:27:51,"Calm (Chill, R&B, Soul, Soft Rock, Indie Folk, Singer-Songwriter)","Relaxing (Lo-fi Beats, Chillhop, Classical, Jazz, Acoustic, Ambient)","Relaxing (Lo-fi Beats, Chillhop, Classical, Jazz, Acoustic, Ambient)","Upbeat (Pop, Hip-Hop, Rap, Workout Music, Pop Rock)","Relaxing (Lo-fi Beats, Chillhop, Classical, Jazz, Acoustic, Ambient)","Relaxing (Lo-fi Beats, Chillhop, Classical, Jazz, Acoustic, Ambient)","Calm (Chill, R&B, Soul, Soft Rock, Indie Folk, Singer-Songwriter)","Relaxing (Lo-fi Beats, Chillhop, Classical, Jazz, Acoustic, Ambient)","Calm (Chill, R&B, Soul, Soft Rock, Indie Folk, Singer-Songwriter)","Relaxing (Lo-fi Beats, Chillhop, Classical, Jazz, Acoustic, Ambient)"
05/10/2024 11:28:15,"Relaxing (Lo-fi Beats, Chillhop, Classical, Jazz, Acoustic, Ambient)","Relaxing (Lo-fi Beats, Chillhop, Classical, Jazz, Acoustic, Ambient)","Relaxing (Lo-fi Beats, Chillhop, Classical, Jazz, Acoustic, Ambient)","Relaxing (Lo-fi Beats, Chillhop, Classical, Jazz, Acoustic, Ambient)","Calm (Chill, R&B, Soul, Soft Rock, Indie Folk, Singer-Songwriter)","Relaxing (Lo-fi Beats, Chillhop, Classical, Jazz, Acoustic, Ambient)","Relaxing (Lo-fi Beats, Chillhop, Classical, Jazz, Acoustic, Ambient)","Relaxing (Lo-fi Beats, Chillhop, Classical, Jazz, Acoustic, Ambient)","Relaxing (Lo-fi Beats, Chillhop, Classical, Jazz, Acoustic, Ambient)","Upbeat (Pop, Hip-Hop, Rap, Workout Music, Pop Rock)"
05/10/2024 11:34:48,"Calm (Chill, R&B, Soul, Soft Rock, Indie Folk, Singer-Songwriter)","Upbeat (Pop, Hip-Hop, Rap, Workout Music, Pop Rock)","Mellow (Ambient, Dream Pop, Downtempo,Indie Folk, Acoustic)","Relaxing (Lo-fi Beats, Chillhop, Classical, Jazz, Acoustic, Ambient)","Relaxing (Lo-fi Beats, Chillhop, Classical, Jazz, Acoustic, Ambient)","Upbeat (Pop, Hip-Hop, Rap, Workout Music, Pop Rock)","Upbeat (Pop, Hip-Hop, Rap, Workout Music, Pop Rock)","Relaxing (Lo-fi Beats, Chillhop, Classical, Jazz, Acoustic, Ambient)","Relaxing (Lo-fi Beats, Chillhop, Classical, Jazz, Acoustic, Ambient)","Upbeat (Pop, Hip-Hop, Rap, Workout Music, Pop Rock)"
05/10/2024 11:36:19,"Relaxing (Lo-fi Beats, Chillhop, Classical, Jazz, Acoustic, Ambient)","Upbeat (Pop, Hip-Hop, Rap, Workout Music, Pop Rock)","Calm (Chill, R&B, Soul, Soft Rock, Indie Folk, Singer-Songwriter)","Relaxing (Lo-fi Beats, Chillhop, Classical, Jazz, Acoustic, Ambient)","Relaxing (Lo-fi Beats, Chillhop, Classical, Jazz, Acoustic, Ambient)","Calm (Chill, R&B, Soul, Soft Rock, Indie Folk, Singer-Songwriter)","Upbeat (Pop, Hip-Hop, Rap, Workout Music, Pop Rock)","Upbeat (Pop, Hip-Hop, Rap, Workout Music, Pop Rock)","Relaxing (Lo-fi Beats, Chillhop, Classical, Jazz, Acoustic, Ambient)","Calm (Chill, R&B, Soul, Soft Rock, Indie Folk, Singer-Songwriter)"
05/10/2024 11:36:33,"Relaxing (Lo-fi Beats, Chillhop, Classical, Jazz, Acoustic, Ambient)","Upbeat (Pop, Hip-Hop, Rap, Workout Music, Pop Rock)","Relaxing (Lo-fi Beats, Chillhop, Classical, Jazz, Acoustic, Ambient)","Calm (Chill, R&B, Soul, Soft Rock, Indie Folk, Singer-Songwriter)","Relaxing (Lo-fi Beats, Chillhop, Classical, Jazz, Acoustic, Ambient)","Calm (Chill, R&B, Soul, Soft Rock, Indie Folk, Singer-Songwriter)","Relaxing (Lo-fi Beats, Chillhop, Classical, Jazz, Acoustic, Ambient)","Upbeat (Pop, Hip-Hop, Rap, Workout Music, Pop Rock)","Calm (Chill, R&B, Soul, Soft Rock, Indie Folk, Singer-Songwriter)","Relaxing (Lo-fi Beats, Chillhop, Classical, Jazz, Acoustic, Ambient)"
05/10/2024 11:36:53,"Calm (Chill, R&B, Soul, Soft Rock, Indie Folk, Singer-Songwriter)","Relaxing (Lo-fi Beats, Chillhop, Classical, Jazz, Acoustic, Ambient)","Mellow (Ambient, Dream Pop, Downtempo,Indie Folk, Acoustic)","Upbeat (Pop, Hip-Hop, Rap, Workout Music, Pop Rock)","Relaxing (Lo-fi Beats, Chillhop, Classical, Jazz, Acoustic, Ambient)","Upbeat (Pop, Hip-Hop, Rap, Workout Music, Pop Rock)","Relaxing (Lo-fi Beats, Chillhop, Classical, Jazz, Acoustic, Ambient)","Calm (Chill, R&B, Soul, Soft Rock, Indie Folk, Singer-Songwriter)","Mellow (Ambient, Dream Pop, Downtempo,Indie Folk, Acoustic)","Calm (Chill, R&B, Soul, Soft Rock, Indie Folk, Singer-Songwriter)"
05/10/2024 11:37:05,"Calm (Chill, R&B, Soul, Soft Rock, Indie Folk, Singer-Songwriter)","Upbeat (Pop, Hip-Hop, Rap, Workout Music, Pop Rock)","Relaxing (Lo-fi Beats, Chillhop, Classical, Jazz, Acoustic, Ambient)","Mellow (Ambient, Dream Pop, Downtempo,Indie Folk, Acoustic)","Relaxing (Lo-fi Beats, Chillhop, Classical, Jazz, Acoustic, Ambient)","Mellow (Ambient, Dream Pop, Downtempo,Indie Folk, Acoustic)","Calm (Chill, R&B, Soul, Soft Rock, Indie Folk, Singer-Songwriter)","Upbeat (Pop, Hip-Hop, Rap, Workout Music, Pop Rock)","Mellow (Ambient, Dream Pop, Downtempo,Indie Folk, Acoustic)","Upbeat (Pop, Hip-Hop, Rap, Workout Music, Pop Rock)"
05/10/2024 11:38:49,"Upbeat (Pop, Hip-Hop, Rap, Workout Music, Pop Rock)","Relaxing (Lo-fi Beats, Chillhop, Classical, Jazz, Acoustic, Ambient)","Relaxing (Lo-fi Beats, Chillhop, Classical, Jazz, Acoustic, Ambient)","Calm (Chill, R&B, Soul, Soft Rock, Indie Folk, Singer-Songwriter)","Relaxing (Lo-fi Beats, Chillhop, Classical, Jazz, Acoustic, Ambient)","Calm (Chill, R&B, Soul, Soft Rock, Indie Folk, Singer-Songwriter)","Upbeat (Pop, Hip-Hop, Rap, Workout Music, Pop Rock)","Relaxing (Lo-fi Beats, Chillhop, Classical, Jazz, Acoustic, Ambient)","Relaxing (Lo-fi Beats, Chillhop, Classical, Jazz, Acoustic, Ambient)","Calm (Chill, R&B, Soul, Soft Rock, Indie Folk, Singer-Songwriter)"
05/10/2024 11:43:17,"Calm (Chill, R&B, Soul, Soft Rock, Indie Folk, Singer-Songwriter)","Relaxing (Lo-fi Beats, Chillhop, Classical, Jazz, Acoustic, Ambient)","Mellow (Ambient, Dream Pop, Downtempo,Indie Folk, Acoustic)","Calm (Chill, R&B, Soul, Soft Rock, Indie Folk, Singer-Songwriter)","Relaxing (Lo-fi Beats, Chillhop, Classical, Jazz, Acoustic, Ambient)","Calm (Chill, R&B, Soul, Soft Rock, Indie Folk, Singer-Songwriter)","Upbeat (Pop, Hip-Hop, Rap, Workout Music, Pop Rock)","Relaxing (Lo-fi Beats, Chillhop, Classical, Jazz, Acoustic, Ambient)","Relaxing (Lo-fi Beats, Chillhop, Classical, Jazz, Acoustic, Ambient)","Mellow (Ambient, Dream Pop, Downtempo,Indie Folk, Acoustic)"
05/10/2024 11:48:29,"Calm (Chill, R&B, Soul, Soft Rock, Indie Folk, Singer-Songwriter)","Calm (Chill, R&B, Soul, Soft Rock, Indie Folk, Singer-Songwriter)","Calm (Chill, R&B, Soul, Soft Rock, Indie Folk, Singer-Songwriter)","Calm (Chill, R&B, Soul, Soft Rock, Indie Folk, Singer-Songwriter)","Calm (Chill, R&B, Soul, Soft Rock, Indie Folk, Singer-Songwriter)","Calm (Chill, R&B, Soul, Soft Rock, Indie Folk, Singer-Songwriter)","Calm (Chill, R&B, Soul, Soft Rock, Indie Folk, Singer-Songwriter)","Calm (Chill, R&B, Soul, Soft Rock, Indie Folk, Singer-Songwriter)","Calm (Chill, R&B, Soul, Soft Rock, Indie Folk, Singer-Songwriter)","Calm (Chill, R&B, Soul, Soft Rock, Indie Folk, Singer-Songwriter)"
05/10/2024 11:48:34,"Upbeat (Pop, Hip-Hop, Rap, Workout Music, Pop Rock)","Relaxing (Lo-fi Beats, Chillhop, Classical, Jazz, Acoustic, Ambient)","Calm (Chill, R&B, Soul, Soft Rock, Indie Folk, Singer-Songwriter)","Calm (Chill, R&B, Soul, Soft Rock, Indie Folk, Singer-Songwriter)","Relaxing (Lo-fi Beats, Chillhop, Classical, Jazz, Acoustic, Ambient)","Relaxing (Lo-fi Beats, Chillhop, Classical, Jazz, Acoustic, Ambient)","Upbeat (Pop, Hip-Hop, Rap, Workout Music, Pop Rock)","Calm (Chill, R&B, Soul, Soft Rock, Indie Folk, Singer-Songwriter)","Calm (Chill, R&B, Soul, Soft Rock, Indie Folk, Singer-Songwriter)","Upbeat (Pop, Hip-Hop, Rap, Workout Music, Pop Rock)"
05/10/2024 12:20:09,"Calm (Chill, R&B, Soul, Soft Rock, Indie Folk, Singer-Songwriter)","Relaxing (Lo-fi Beats, Chillhop, Classical, Jazz, Acoustic, Ambient)","Upbeat (Pop, Hip-Hop, Rap, Workout Music, Pop Rock)","Upbeat (Pop, Hip-Hop, Rap, Workout Music, Pop Rock)","Calm (Chill, R&B, Soul, Soft Rock, Indie Folk, Singer-Songwriter)","Upbeat (Pop, Hip-Hop, Rap, Workout Music, Pop Rock)","Upbeat (Pop, Hip-Hop, Rap, Workout Music, Pop Rock)","Calm (Chill, R&B, Soul, Soft Rock, Indie Folk, Singer-Songwriter)","Calm (Chill, R&B, Soul, Soft Rock, Indie Folk, Singer-Songwriter)","Upbeat (Pop, Hip-Hop, Rap, Workout Music, Pop Rock)"
05/10/2024 12:20:34,"Calm (Chill, R&B, Soul, Soft Rock, Indie Folk, Singer-Songwriter)","Upbeat (Pop, Hip-Hop, Rap, Workout Music, Pop Rock)","Relaxing (Lo-fi Beats, Chillhop, Classical, Jazz, Acoustic, Ambient)","Calm (Chill, R&B, Soul, Soft Rock, Indie Folk, Singer-Songwriter)","Calm (Chill, R&B, Soul, Soft Rock, Indie Folk, Singer-Songwriter)","Mellow (Ambient, Dream Pop, Downtempo,Indie Folk, Acoustic)","Upbeat (Pop, Hip-Hop, Rap, Workout Music, Pop Rock)","Relaxing (Lo-fi Beats, Chillhop, Classical, Jazz, Acoustic, Ambient)","Calm (Chill, R&B, Soul, Soft Rock, Indie Folk, Singer-Songwriter)","Relaxing (Lo-fi Beats, Chillhop, Classical, Jazz, Acoustic, Ambient)"
05/10/2024 12:23:17,"Upbeat (Pop, Hip-Hop, Rap, Workout Music, Pop Rock)","Mellow (Ambient, Dream Pop, Downtempo,Indie Folk, Acoustic)","Calm (Chill, R&B, Soul, Soft Rock, Indie Folk, Singer-Songwriter)","Relaxing (Lo-fi Beats, Chillhop, Classical, Jazz, Acoustic, Ambient)","Calm (Chill, R&B, Soul, Soft Rock, Indie Folk, Singer-Songwriter)","Upbeat (Pop, Hip-Hop, Rap, Workout Music, Pop Rock)","Upbeat (Pop, Hip-Hop, Rap, Workout Music, Pop Rock)","Calm (Chill, R&B, Soul, Soft Rock, Indie Folk, Singer-Songwriter)","Calm (Chill, R&B, Soul, Soft Rock, Indie Folk, Singer-Songwriter)","Relaxing (Lo-fi Beats, Chillhop, Classical, Jazz, Acoustic, Ambient)"
05/10/2024 12:26:06,"Relaxing (Lo-fi Beats, Chillhop, Classical, Jazz, Acoustic, Ambient)","Mellow (Ambient, Dream Pop, Downtempo,Indie Folk, Acoustic)","Upbeat (Pop, Hip-Hop, Rap, Workout Music, Pop Rock)","Relaxing (Lo-fi Beats, Chillhop, Classical, Jazz, Acoustic, Ambient)","Relaxing (Lo-fi Beats, Chillhop, Classical, Jazz, Acoustic, Ambient)","Upbeat (Pop, Hip-Hop, Rap, Workout Music, Pop Rock)","Upbeat (Pop, Hip-Hop, Rap, Workout Music, Pop Rock)","Relaxing (Lo-fi Beats, Chillhop, Classical, Jazz, Acoustic, Ambient)","Relaxing (Lo-fi Beats, Chillhop, Classical, Jazz, Acoustic, Ambient)","Upbeat (Pop, Hip-Hop, Rap, Workout Music, Pop Rock)"
05/10/2024 12:38:52,"Calm (Chill, R&B, Soul, Soft Rock, Indie Folk, Singer-Songwriter)","Upbeat (Pop, Hip-Hop, Rap, Workout Music, Pop Rock)","Upbeat (Pop, Hip-Hop, Rap, Workout Music, Pop Rock)","Relaxing (Lo-fi Beats, Chillhop, Classical, Jazz, Acoustic, Ambient)","Relaxing (Lo-fi Beats, Chillhop, Classical, Jazz, Acoustic, Ambient)","Upbeat (Pop, Hip-Hop, Rap, Workout Music, Pop Rock)","Upbeat (Pop, Hip-Hop, Rap, Workout Music, Pop Rock)","Calm (Chill, R&B, Soul, Soft Rock, Indie Folk, Singer-Songwriter)","Calm (Chill, R&B, Soul, Soft Rock, Indie Folk, Singer-Songwriter)","Mellow (Ambient, Dream Pop, Downtempo,Indie Folk, Acoustic)"
05/10/2024 12:39:23,"Upbeat (Pop, Hip-Hop, Rap, Workout Music, Pop Rock)","Relaxing (Lo-fi Beats, Chillhop, Classical, Jazz, Acoustic, Ambient)","Calm (Chill, R&B, Soul, Soft Rock, Indie Folk, Singer-Songwriter)","Mellow (Ambient, Dream Pop, Downtempo,Indie Folk, Acoustic)","Upbeat (Pop, Hip-Hop, Rap, Workout Music, Pop Rock)","Calm (Chill, R&B, Soul, Soft Rock, Indie Folk, Singer-Songwriter)","Upbeat (Pop, Hip-Hop, Rap, Workout Music, Pop Rock)","Relaxing (Lo-fi Beats, Chillhop, Classical, Jazz, Acoustic, Ambient)","Upbeat (Pop, Hip-Hop, Rap, Workout Music, Pop Rock)","Calm (Chill, R&B, Soul, Soft Rock, Indie Folk, Singer-Songwriter)"
05/10/2024 12:41:26,"Calm (Chill, R&B, Soul, Soft Rock, Indie Folk, Singer-Songwriter)","Mellow (Ambient, Dream Pop, Downtempo,Indie Folk, Acoustic)","Upbeat (Pop, Hip-Hop, Rap, Workout Music, Pop Rock)","Relaxing (Lo-fi Beats, Chillhop, Classical, Jazz, Acoustic, Ambient)","Calm (Chill, R&B, Soul, Soft Rock, Indie Folk, Singer-Songwriter)","Mellow (Ambient, Dream Pop, Downtempo,Indie Folk, Acoustic)","Calm (Chill, R&B, Soul, Soft Rock, Indie Folk, Singer-Songwriter)","Relaxing (Lo-fi Beats, Chillhop, Classical, Jazz, Acoustic, Ambient)","Relaxing (Lo-fi Beats, Chillhop, Classical, Jazz, Acoustic, Ambient)","Mellow (Ambient, Dream Pop, Downtempo,Indie Folk, Acoustic)"
05/10/2024 12:48:01,"Upbeat (Pop, Hip-Hop, Rap, Workout Music, Pop Rock)","Relaxing (Lo-fi Beats, Chillhop, Classical, Jazz, Acoustic, Ambient)","Relaxing (Lo-fi Beats, Chillhop, Classical, Jazz, Acoustic, Ambient)","Calm (Chill, R&B, Soul, Soft Rock, Indie Folk, Singer-Songwriter)","Relaxing (Lo-fi Beats, Chillhop, Classical, Jazz, Acoustic, Ambient)","Upbeat (Pop, Hip-Hop, Rap, Workout Music, Pop Rock)","Upbeat (Pop, Hip-Hop, Rap, Workout Music, Pop Rock)","Relaxing (Lo-fi Beats, Chillhop, Classical, Jazz, Acoustic, Ambient)","Relaxing (Lo-fi Beats, Chillhop, Classical, Jazz, Acoustic, Ambient)","Relaxing (Lo-fi Beats, Chillhop, Classical, Jazz, Acoustic, Ambient)"
05/10/2024 13:10:33,"Relaxing (Lo-fi Beats, Chillhop, Classical, Jazz, Acoustic, Ambient)","Relaxing (Lo-fi Beats, Chillhop, Classical, Jazz, Acoustic, Ambient)","Calm (Chill, R&B, Soul, Soft Rock, Indie Folk, Singer-Songwriter)","Relaxing (Lo-fi Beats, Chillhop, Classical, Jazz, Acoustic, Ambient)","Relaxing (Lo-fi Beats, Chillhop, Classical, Jazz, Acoustic, Ambient)","Relaxing (Lo-fi Beats, Chillhop, Classical, Jazz, Acoustic, Ambient)","Relaxing (Lo-fi Beats, Chillhop, Classical, Jazz, Acoustic, Ambient)","Upbeat (Pop, Hip-Hop, Rap, Workout Music, Pop Rock)","Relaxing (Lo-fi Beats, Chillhop, Classical, Jazz, Acoustic, Ambient)","Upbeat (Pop, Hip-Hop, Rap, Workout Music, Pop Rock)"
05/10/2024 13:33:30,"Relaxing (Lo-fi Beats, Chillhop, Classical, Jazz, Acoustic, Ambient)","Calm (Chill, R&B, Soul, Soft Rock, Indie Folk, Singer-Songwriter)","Calm (Chill, R&B, Soul, Soft Rock, Indie Folk, Singer-Songwriter)","Calm (Chill, R&B, Soul, Soft Rock, Indie Folk, Singer-Songwriter)","Calm (Chill, R&B, Soul, Soft Rock, Indie Folk, Singer-Songwriter)","Relaxing (Lo-fi Beats, Chillhop, Classical, Jazz, Acoustic, Ambient)","Relaxing (Lo-fi Beats, Chillhop, Classical, Jazz, Acoustic, Ambient)","Calm (Chill, R&B, Soul, Soft Rock, Indie Folk, Singer-Songwriter)","Calm (Chill, R&B, Soul, Soft Rock, Indie Folk, Singer-Songwriter)","Upbeat (Pop, Hip-Hop, Rap, Workout Music, Pop Rock)"
05/10/2024 15:07:18,"Calm (Chill, R&B, Soul, Soft Rock, Indie Folk, Singer-Songwriter)","Upbeat (Pop, Hip-Hop, Rap, Workout Music, Pop Rock)","Mellow (Ambient, Dream Pop, Downtempo,Indie Folk, Acoustic)","Calm (Chill, R&B, Soul, Soft Rock, Indie Folk, Singer-Songwriter)","Calm (Chill, R&B, Soul, Soft Rock, Indie Folk, Singer-Songwriter)","Upbeat (Pop, Hip-Hop, Rap, Workout Music, Pop Rock)","Upbeat (Pop, Hip-Hop, Rap, Workout Music, Pop Rock)","Calm (Chill, R&B, Soul, Soft Rock, Indie Folk, Singer-Songwriter)","Calm (Chill, R&B, Soul, Soft Rock, Indie Folk, Singer-Songwriter)","Upbeat (Pop, Hip-Hop, Rap, Workout Music, Pop Rock)"
05/10/2024 15:07:22,"Upbeat (Pop, Hip-Hop, Rap, Workout Music, Pop Rock)","Calm (Chill, R&B, Soul, Soft Rock, Indie Folk, Singer-Songwriter)","Relaxing (Lo-fi Beats, Chillhop, Classical, Jazz, Acoustic, Ambient)","Mellow (Ambient, Dream Pop, Downtempo,Indie Folk, Acoustic)","Relaxing (Lo-fi Beats, Chillhop, Classical, Jazz, Acoustic, Ambient)","Upbeat (Pop, Hip-Hop, Rap, Workout Music, Pop Rock)","Upbeat (Pop, Hip-Hop, Rap, Workout Music, Pop Rock)","Relaxing (Lo-fi Beats, Chillhop, Classical, Jazz, Acoustic, Ambient)","Relaxing (Lo-fi Beats, Chillhop, Classical, Jazz, Acoustic, Ambient)","Upbeat (Pop, Hip-Hop, Rap, Workout Music, Pop Rock)"
05/10/2024 15:15:20,"Relaxing (Lo-fi Beats, Chillhop, Classical, Jazz, Acoustic, Ambient)","Relaxing (Lo-fi Beats, Chillhop, Classical, Jazz, Acoustic, Ambient)","Relaxing (Lo-fi Beats, Chillhop, Classical, Jazz, Acoustic, Ambient)","Relaxing (Lo-fi Beats, Chillhop, Classical, Jazz, Acoustic, Ambient)","Relaxing (Lo-fi Beats, Chillhop, Classical, Jazz, Acoustic, Ambient)","Relaxing (Lo-fi Beats, Chillhop, Classical, Jazz, Acoustic, Ambient)","Relaxing (Lo-fi Beats, Chillhop, Classical, Jazz, Acoustic, Ambient)","Relaxing (Lo-fi Beats, Chillhop, Classical, Jazz, Acoustic, Ambient)","Relaxing (Lo-fi Beats, Chillhop, Classical, Jazz, Acoustic, Ambient)","Relaxing (Lo-fi Beats, Chillhop, Classical, Jazz, Acoustic, Ambient)"
05/10/2024 15:18:26,"Calm (Chill, R&B, Soul, Soft Rock, Indie Folk, Singer-Songwriter)","Relaxing (Lo-fi Beats, Chillhop, Classical, Jazz, Acoustic, Ambient)","Upbeat (Pop, Hip-Hop, Rap, Workout Music, Pop Rock)","Relaxing (Lo-fi Beats, Chillhop, Classical, Jazz, Acoustic, Ambient)","Relaxing (Lo-fi Beats, Chillhop, Classical, Jazz, Acoustic, Ambient)","Calm (Chill, R&B, Soul, Soft Rock, Indie Folk, Singer-Songwriter)","Calm (Chill, R&B, Soul, Soft Rock, Indie Folk, Singer-Songwriter)","Relaxing (Lo-fi Beats, Chillhop, Classical, Jazz, Acoustic, Ambient)","Upbeat (Pop, Hip-Hop, Rap, Workout Music, Pop Rock)","Calm (Chill, R&B, Soul, Soft Rock, Indie Folk, Singer-Songwriter)"
05/10/2024 15:34:17,"Calm (Chill, R&B, Soul, Soft Rock, Indie Folk, Singer-Songwriter)","Relaxing (Lo-fi Beats, Chillhop, Classical, Jazz, Acoustic, Ambient)","Upbeat (Pop, Hip-Hop, Rap, Workout Music, Pop Rock)","Mellow (Ambient, Dream Pop, Downtempo,Indie Folk, Acoustic)","Calm (Chill, R&B, Soul, Soft Rock, Indie Folk, Singer-Songwriter)","Relaxing (Lo-fi Beats, Chillhop, Classical, Jazz, Acoustic, Ambient)","Relaxing (Lo-fi Beats, Chillhop, Classical, Jazz, Acoustic, Ambient)","Mellow (Ambient, Dream Pop, Downtempo,Indie Folk, Acoustic)","Mellow (Ambient, Dream Pop, Downtempo,Indie Folk, Acoustic)","Upbeat (Pop, Hip-Hop, Rap, Workout Music, Pop Rock)"
05/10/2024 15:45:44,"Upbeat (Pop, Hip-Hop, Rap, Workout Music, Pop Rock)","Upbeat (Pop, Hip-Hop, Rap, Workout Music, Pop Rock)","Calm (Chill, R&B, Soul, Soft Rock, Indie Folk, Singer-Songwriter)","Calm (Chill, R&B, Soul, Soft Rock, Indie Folk, Singer-Songwriter)","Mellow (Ambient, Dream Pop, Downtempo,Indie Folk, Acoustic)","Upbeat (Pop, Hip-Hop, Rap, Workout Music, Pop Rock)","Mellow (Ambient, Dream Pop, Downtempo,Indie Folk, Acoustic)","Calm (Chill, R&B, Soul, Soft Rock, Indie Folk, Singer-Songwriter)","Calm (Chill, R&B, Soul, Soft Rock, Indie Folk, Singer-Songwriter)","Mellow (Ambient, Dream Pop, Downtempo,Indie Folk, Acoustic)"
05/10/2024 15:54:13,"Calm (Chill, R&B, Soul, Soft Rock, Indie Folk, Singer-Songwriter)","Calm (Chill, R&B, Soul, Soft Rock, Indie Folk, Singer-Songwriter)","Mellow (Ambient, Dream Pop, Downtempo,Indie Folk, Acoustic)","Calm (Chill, R&B, Soul, Soft Rock, Indie Folk, Singer-Songwriter)","Calm (Chill, R&B, Soul, Soft Rock, Indie Folk, Singer-Songwriter)","Calm (Chill, R&B, Soul, Soft Rock, Indie Folk, Singer-Songwriter)","Relaxing (Lo-fi Beats, Chillhop, Classical, Jazz, Acoustic, Ambient)","Calm (Chill, R&B, Soul, Soft Rock, Indie Folk, Singer-Songwriter)","Calm (Chill, R&B, Soul, Soft Rock, Indie Folk, Singer-Songwriter)","Calm (Chill, R&B, Soul, Soft Rock, Indie Folk, Singer-Songwriter)"
05/10/2024 16:05:58,"Relaxing (Lo-fi Beats, Chillhop, Classical, Jazz, Acoustic, Ambient)","Upbeat (Pop, Hip-Hop, Rap, Workout Music, Pop Rock)","Upbeat (Pop, Hip-Hop, Rap, Workout Music, Pop Rock)","Upbeat (Pop, Hip-Hop, Rap, Workout Music, Pop Rock)","Calm (Chill, R&B, Soul, Soft Rock, Indie Folk, Singer-Songwriter)","Upbeat (Pop, Hip-Hop, Rap, Workout Music, Pop Rock)","Upbeat (Pop, Hip-Hop, Rap, Workout Music, Pop Rock)","Upbeat (Pop, Hip-Hop, Rap, Workout Music, Pop Rock)","Calm (Chill, R&B, Soul, Soft Rock, Indie Folk, Singer-Songwriter)","Upbeat (Pop, Hip-Hop, Rap, Workout Music, Pop Rock)"
05/10/2024 16:06:08,"Upbeat (Pop, Hip-Hop, Rap, Workout Music, Pop Rock)","Relaxing (Lo-fi Beats, Chillhop, Classical, Jazz, Acoustic, Ambient)","Calm (Chill, R&B, Soul, Soft Rock, Indie Folk, Singer-Songwriter)","Mellow (Ambient, Dream Pop, Downtempo,Indie Folk, Acoustic)","Calm (Chill, R&B, Soul, Soft Rock, Indie Folk, Singer-Songwriter)","Mellow (Ambient, Dream Pop, Downtempo,Indie Folk, Acoustic)","Mellow (Ambient, Dream Pop, Downtempo,Indie Folk, Acoustic)","Relaxing (Lo-fi Beats, Chillhop, Classical, Jazz, Acoustic, Ambient)","Calm (Chill, R&B, Soul, Soft Rock, Indie Folk, Singer-Songwriter)","Mellow (Ambient, Dream Pop, Downtempo,Indie Folk, Acoustic)"
05/10/2024 16:06:46,"Relaxing (Lo-fi Beats, Chillhop, Classical, Jazz, Acoustic, Ambient)","Calm (Chill, R&B, Soul, Soft Rock, Indie Folk, Singer-Songwriter)","Mellow (Ambient, Dream Pop, Downtempo,Indie Folk, Acoustic)","Upbeat (Pop, Hip-Hop, Rap, Workout Music, Pop Rock)","Relaxing (Lo-fi Beats, Chillhop, Classical, Jazz, Acoustic, Ambient)","Upbeat (Pop, Hip-Hop, Rap, Workout Music, Pop Rock)","Upbeat (Pop, Hip-Hop, Rap, Workout Music, Pop Rock)","Calm (Chill, R&B, Soul, Soft Rock, Indie Folk, Singer-Songwriter)","Mellow (Ambient, Dream Pop, Downtempo,Indie Folk, Acoustic)","Upbeat (Pop, Hip-Hop, Rap, Workout Music, Pop Rock)"
05/10/2024 16:17:45,"Calm (Chill, R&B, Soul, Soft Rock, Indie Folk, Singer-Songwriter)","Mellow (Ambient, Dream Pop, Downtempo,Indie Folk, Acoustic)","Upbeat (Pop, Hip-Hop, Rap, Workout Music, Pop Rock)","Relaxing (Lo-fi Beats, Chillhop, Classical, Jazz, Acoustic, Ambient)","Relaxing (Lo-fi Beats, Chillhop, Classical, Jazz, Acoustic, Ambient)","Upbeat (Pop, Hip-Hop, Rap, Workout Music, Pop Rock)","Mellow (Ambient, Dream Pop, Downtempo,Indie Folk, Acoustic)","Upbeat (Pop, Hip-Hop, Rap, Workout Music, Pop Rock)","Relaxing (Lo-fi Beats, Chillhop, Classical, Jazz, Acoustic, Ambient)","Upbeat (Pop, Hip-Hop, Rap, Workout Music, Pop Rock)"
05/10/2024 16:19:35,"Calm (Chill, R&B, Soul, Soft Rock, Indie Folk, Singer-Songwriter)","Mellow (Ambient, Dream Pop, Downtempo,Indie Folk, Acoustic)","Upbeat (Pop, Hip-Hop, Rap, Workout Music, Pop Rock)","Relaxing (Lo-fi Beats, Chillhop, Classical, Jazz, Acoustic, Ambient)","Calm (Chill, R&B, Soul, Soft Rock, Indie Folk, Singer-Songwriter)","Upbeat (Pop, Hip-Hop, Rap, Workout Music, Pop Rock)","Upbeat (Pop, Hip-Hop, Rap, Workout Music, Pop Rock)","Relaxing (Lo-fi Beats, Chillhop, Classical, Jazz, Acoustic, Ambient)","Calm (Chill, R&B, Soul, Soft Rock, Indie Folk, Singer-Songwriter)","Upbeat (Pop, Hip-Hop, Rap, Workout Music, Pop Rock)"
05/10/2024 16:22:54,"Relaxing (Lo-fi Beats, Chillhop, Classical, Jazz, Acoustic, Ambient)","Relaxing (Lo-fi Beats, Chillhop, Classical, Jazz, Acoustic, Ambient)","Relaxing (Lo-fi Beats, Chillhop, Classical, Jazz, Acoustic, Ambient)","Upbeat (Pop, Hip-Hop, Rap, Workout Music, Pop Rock)","Relaxing (Lo-fi Beats, Chillhop, Classical, Jazz, Acoustic, Ambient)","Upbeat (Pop, Hip-Hop, Rap, Workout Music, Pop Rock)","Relaxing (Lo-fi Beats, Chillhop, Classical, Jazz, Acoustic, Ambient)","Calm (Chill, R&B, Soul, Soft Rock, Indie Folk, Singer-Songwriter)","Calm (Chill, R&B, Soul, Soft Rock, Indie Folk, Singer-Songwriter)","Upbeat (Pop, Hip-Hop, Rap, Workout Music, Pop Rock)"
05/10/2024 16:24:34,"Upbeat (Pop, Hip-Hop, Rap, Workout Music, Pop Rock)","Calm (Chill, R&B, Soul, Soft Rock, Indie Folk, Singer-Songwriter)","Mellow (Ambient, Dream Pop, Downtempo,Indie Folk, Acoustic)","Relaxing (Lo-fi Beats, Chillhop, Classical, Jazz, Acoustic, Ambient)","Calm (Chill, R&B, Soul, Soft Rock, Indie Folk, Singer-Songwriter)","Relaxing (Lo-fi Beats, Chillhop, Classical, Jazz, Acoustic, Ambient)","Calm (Chill, R&B, Soul, Soft Rock, Indie Folk, Singer-Songwriter)","Calm (Chill, R&B, Soul, Soft Rock, Indie Folk, Singer-Songwriter)","Relaxing (Lo-fi Beats, Chillhop, Classical, Jazz, Acoustic, Ambient)","Relaxing (Lo-fi Beats, Chillhop, Classical, Jazz, Acoustic, Ambient)"
05/10/2024 16:24:37,"Upbeat (Pop, Hip-Hop, Rap, Workout Music, Pop Rock)","Relaxing (Lo-fi Beats, Chillhop, Classical, Jazz, Acoustic, Ambient)","Calm (Chill, R&B, Soul, Soft Rock, Indie Folk, Singer-Songwriter)","Relaxing (Lo-fi Beats, Chillhop, Classical, Jazz, Acoustic, Ambient)","Relaxing (Lo-fi Beats, Chillhop, Classical, Jazz, Acoustic, Ambient)","Upbeat (Pop, Hip-Hop, Rap, Workout Music, Pop Rock)","Upbeat (Pop, Hip-Hop, Rap, Workout Music, Pop Rock)","Mellow (Ambient, Dream Pop, Downtempo,Indie Folk, Acoustic)","Calm (Chill, R&B, Soul, Soft Rock, Indie Folk, Singer-Songwriter)","Upbeat (Pop, Hip-Hop, Rap, Workout Music, Pop Rock)"
05/10/2024 16:25:09,"Relaxing (Lo-fi Beats, Chillhop, Classical, Jazz, Acoustic, Ambient)","Calm (Chill, R&B, Soul, Soft Rock, Indie Folk, Singer-Songwriter)","Relaxing (Lo-fi Beats, Chillhop, Classical, Jazz, Acoustic, Ambient)","Calm (Chill, R&B, Soul, Soft Rock, Indie Folk, Singer-Songwriter)","Relaxing (Lo-fi Beats, Chillhop, Classical, Jazz, Acoustic, Ambient)","Calm (Chill, R&B, Soul, Soft Rock, Indie Folk, Singer-Songwriter)","Calm (Chill, R&B, Soul, Soft Rock, Indie Folk, Singer-Songwriter)","Relaxing (Lo-fi Beats, Chillhop, Classical, Jazz, Acoustic, Ambient)","Calm (Chill, R&B, Soul, Soft Rock, Indie Folk, Singer-Songwriter)","Relaxing (Lo-fi Beats, Chillhop, Classical, Jazz, Acoustic, Ambient)"
05/10/2024 16:31:51,"Relaxing (Lo-fi Beats, Chillhop, Classical, Jazz, Acoustic, Ambient)","Relaxing (Lo-fi Beats, Chillhop, Classical, Jazz, Acoustic, Ambient)","Upbeat (Pop, Hip-Hop, Rap, Workout Music, Pop Rock)","Upbeat (Pop, Hip-Hop, Rap, Workout Music, Pop Rock)","Relaxing (Lo-fi Beats, Chillhop, Classical, Jazz, Acoustic, Ambient)","Upbeat (Pop, Hip-Hop, Rap, Workout Music, Pop Rock)","Mellow (Ambient, Dream Pop, Downtempo,Indie Folk, Acoustic)","Calm (Chill, R&B, Soul, Soft Rock, Indie Folk, Singer-Songwriter)","Upbeat (Pop, Hip-Hop, Rap, Workout Music, Pop Rock)","Relaxing (Lo-fi Beats, Chillhop, Classical, Jazz, Acoustic, Ambient)"
05/10/2024 16:49:34,"Mellow (Ambient, Dream Pop, Downtempo,Indie Folk, Acoustic)","Mellow (Ambient, Dream Pop, Downtempo,Indie Folk, Acoustic)","Mellow (Ambient, Dream Pop, Downtempo,Indie Folk, Acoustic)","Mellow (Ambient, Dream Pop, Downtempo,Indie Folk, Acoustic)","Calm (Chill, R&B, Soul, Soft Rock, Indie Folk, Singer-Songwriter)","Upbeat (Pop, Hip-Hop, Rap, Workout Music, Pop Rock)","Upbeat (Pop, Hip-Hop, Rap, Workout Music, Pop Rock)","Upbeat (Pop, Hip-Hop, Rap, Workout Music, Pop Rock)","Calm (Chill, R&B, Soul, Soft Rock, Indie Folk, Singer-Songwriter)","Calm (Chill, R&B, Soul, Soft Rock, Indie Folk, Singer-Songwriter)"
05/10/2024 16:51:11,"Relaxing (Lo-fi Beats, Chillhop, Classical, Jazz, Acoustic, Ambient)","Calm (Chill, R&B, Soul, Soft Rock, Indie Folk, Singer-Songwriter)","Relaxing (Lo-fi Beats, Chillhop, Classical, Jazz, Acoustic, Ambient)","Upbeat (Pop, Hip-Hop, Rap, Workout Music, Pop Rock)","Upbeat (Pop, Hip-Hop, Rap, Workout Music, Pop Rock)","Calm (Chill, R&B, Soul, Soft Rock, Indie Folk, Singer-Songwriter)","Relaxing (Lo-fi Beats, Chillhop, Classical, Jazz, Acoustic, Ambient)","Relaxing (Lo-fi Beats, Chillhop, Classical, Jazz, Acoustic, Ambient)","Calm (Chill, R&B, Soul, Soft Rock, Indie Folk, Singer-Songwriter)","Relaxing (Lo-fi Beats, Chillhop, Classical, Jazz, Acoustic, Ambient)"
05/10/2024 17:19:49,"Relaxing (Lo-fi Beats, Chillhop, Classical, Jazz, Acoustic, Ambient)","Relaxing (Lo-fi Beats, Chillhop, Classical, Jazz, Acoustic, Ambient)","Calm (Chill, R&B, Soul, Soft Rock, Indie Folk, Singer-Songwriter)","Calm (Chill, R&B, Soul, Soft Rock, Indie Folk, Singer-Songwriter)","Calm (Chill, R&B, Soul, Soft Rock, Indie Folk, Singer-Songwriter)","Relaxing (Lo-fi Beats, Chillhop, Classical, Jazz, Acoustic, Ambient)","Calm (Chill, R&B, Soul, Soft Rock, Indie Folk, Singer-Songwriter)","Calm (Chill, R&B, Soul, Soft Rock, Indie Folk, Singer-Songwriter)","Calm (Chill, R&B, Soul, Soft Rock, Indie Folk, Singer-Songwriter)","Calm (Chill, R&B, Soul, Soft Rock, Indie Folk, Singer-Songwriter)"
05/10/2024 17:33:06,"Mellow (Ambient, Dream Pop, Downtempo,Indie Folk, Acoustic)","Mellow (Ambient, Dream Pop, Downtempo,Indie Folk, Acoustic)","Relaxing (Lo-fi Beats, Chillhop, Classical, Jazz, Acoustic, Ambient)","Calm (Chill, R&B, Soul, Soft Rock, Indie Folk, Singer-Songwriter)","Calm (Chill, R&B, Soul, Soft Rock, Indie Folk, Singer-Songwriter)","Mellow (Ambient, Dream Pop, Downtempo,Indie Folk, Acoustic)","Relaxing (Lo-fi Beats, Chillhop, Classical, Jazz, Acoustic, Ambient)","Relaxing (Lo-fi Beats, Chillhop, Classical, Jazz, Acoustic, Ambient)","Calm (Chill, R&B, Soul, Soft Rock, Indie Folk, Singer-Songwriter)","Mellow (Ambient, Dream Pop, Downtempo,Indie Folk, Acoustic)"
05/10/2024 18:19:38,"Calm (Chill, R&B, Soul, Soft Rock, Indie Folk, Singer-Songwriter)","Relaxing (Lo-fi Beats, Chillhop, Classical, Jazz, Acoustic, Ambient)","Upbeat (Pop, Hip-Hop, Rap, Workout Music, Pop Rock)","Relaxing (Lo-fi Beats, Chillhop, Classical, Jazz, Acoustic, Ambient)","Relaxing (Lo-fi Beats, Chillhop, Classical, Jazz, Acoustic, Ambient)","Calm (Chill, R&B, Soul, Soft Rock, Indie Folk, Singer-Songwriter)","Relaxing (Lo-fi Beats, Chillhop, Classical, Jazz, Acoustic, Ambient)","Calm (Chill, R&B, Soul, Soft Rock, Indie Folk, Singer-Songwriter)","Relaxing (Lo-fi Beats, Chillhop, Classical, Jazz, Acoustic, Ambient)","Upbeat (Pop, Hip-Hop, Rap, Workout Music, Pop Rock)"
05/10/2024 18:23:04,"Relaxing (Lo-fi Beats, Chillhop, Classical, Jazz, Acoustic, Ambient)","Upbeat (Pop, Hip-Hop, Rap, Workout Music, Pop Rock)","Upbeat (Pop, Hip-Hop, Rap, Workout Music, Pop Rock)","Relaxing (Lo-fi Beats, Chillhop, Classical, Jazz, Acoustic, Ambient)","Relaxing (Lo-fi Beats, Chillhop, Classical, Jazz, Acoustic, Ambient)","Upbeat (Pop, Hip-Hop, Rap, Workout Music, Pop Rock)","Relaxing (Lo-fi Beats, Chillhop, Classical, Jazz, Acoustic, Ambient)","Upbeat (Pop, Hip-Hop, Rap, Workout Music, Pop Rock)","Relaxing (Lo-fi Beats, Chillhop, Classical, Jazz, Acoustic, Ambient)","Upbeat (Pop, Hip-Hop, Rap, Workout Music, Pop Rock)"
05/10/2024 18:29:19,"Upbeat (Pop, Hip-Hop, Rap, Workout Music, Pop Rock)","Relaxing (Lo-fi Beats, Chillhop, Classical, Jazz, Acoustic, Ambient)","Upbeat (Pop, Hip-Hop, Rap, Workout Music, Pop Rock)","Upbeat (Pop, Hip-Hop, Rap, Workout Music, Pop Rock)","Upbeat (Pop, Hip-Hop, Rap, Workout Music, Pop Rock)","Relaxing (Lo-fi Beats, Chillhop, Classical, Jazz, Acoustic, Ambient)","Upbeat (Pop, Hip-Hop, Rap, Workout Music, Pop Rock)","Upbeat (Pop, Hip-Hop, Rap, Workout Music, Pop Rock)","Relaxing (Lo-fi Beats, Chillhop, Classical, Jazz, Acoustic, Ambient)","Relaxing (Lo-fi Beats, Chillhop, Classical, Jazz, Acoustic, Ambient)"
05/10/2024 20:21:25,"Relaxing (Lo-fi Beats, Chillhop, Classical, Jazz, Acoustic, Ambient)","Calm (Chill, R&B, Soul, Soft Rock, Indie Folk, Singer-Songwriter)","Mellow (Ambient, Dream Pop, Downtempo,Indie Folk, Acoustic)","Relaxing (Lo-fi Beats, Chillhop, Classical, Jazz, Acoustic, Ambient)","Relaxing (Lo-fi Beats, Chillhop, Classical, Jazz, Acoustic, Ambient)","Calm (Chill, R&B, Soul, Soft Rock, Indie Folk, Singer-Songwriter)","Upbeat (Pop, Hip-Hop, Rap, Workout Music, Pop Rock)","Calm (Chill, R&B, Soul, Soft Rock, Indie Folk, Singer-Songwriter)","Relaxing (Lo-fi Beats, Chillhop, Classical, Jazz, Acoustic, Ambient)","Calm (Chill, R&B, Soul, Soft Rock, Indie Folk, Singer-Songwriter)"
05/10/2024 20:39:48,"Calm (Chill, R&B, Soul, Soft Rock, Indie Folk, Singer-Songwriter)","Upbeat (Pop, Hip-Hop, Rap, Workout Music, Pop Rock)","Relaxing (Lo-fi Beats, Chillhop, Classical, Jazz, Acoustic, Ambient)","Calm (Chill, R&B, Soul, Soft Rock, Indie Folk, Singer-Songwriter)","Calm (Chill, R&B, Soul, Soft Rock, Indie Folk, Singer-Songwriter)","Upbeat (Pop, Hip-Hop, Rap, Workout Music, Pop Rock)","Upbeat (Pop, Hip-Hop, Rap, Workout Music, Pop Rock)","Upbeat (Pop, Hip-Hop, Rap, Workout Music, Pop Rock)","Calm (Chill, R&B, Soul, Soft Rock, Indie Folk, Singer-Songwriter)","Upbeat (Pop, Hip-Hop, Rap, Workout Music, Pop Rock)"
05/10/2024 20:44:03,"Upbeat (Pop, Hip-Hop, Rap, Workout Music, Pop Rock)","Calm (Chill, R&B, Soul, Soft Rock, Indie Folk, Singer-Songwriter)","Calm (Chill, R&B, Soul, Soft Rock, Indie Folk, Singer-Songwriter)","Upbeat (Pop, Hip-Hop, Rap, Workout Music, Pop Rock)","Calm (Chill, R&B, Soul, Soft Rock, Indie Folk, Singer-Songwriter)","Upbeat (Pop, Hip-Hop, Rap, Workout Music, Pop Rock)","Relaxing (Lo-fi Beats, Chillhop, Classical, Jazz, Acoustic, Ambient)","Calm (Chill, R&B, Soul, Soft Rock, Indie Folk, Singer-Songwriter)","Calm (Chill, R&B, Soul, Soft Rock, Indie Folk, Singer-Songwriter)","Upbeat (Pop, Hip-Hop, Rap, Workout Music, Pop Rock)"
05/10/2024 21:00:43,"Calm (Chill, R&B, Soul, Soft Rock, Indie Folk, Singer-Songwriter)","Relaxing (Lo-fi Beats, Chillhop, Classical, Jazz, Acoustic, Ambient)","Upbeat (Pop, Hip-Hop, Rap, Workout Music, Pop Rock)","Upbeat (Pop, Hip-Hop, Rap, Workout Music, Pop Rock)","Calm (Chill, R&B, Soul, Soft Rock, Indie Folk, Singer-Songwriter)","Relaxing (Lo-fi Beats, Chillhop, Classical, Jazz, Acoustic, Ambient)","Mellow (Ambient, Dream Pop, Downtempo,Indie Folk, Acoustic)","Relaxing (Lo-fi Beats, Chillhop, Classical, Jazz, Acoustic, Ambient)","Calm (Chill, R&B, Soul, Soft Rock, Indie Folk, Singer-Songwriter)","Calm (Chill, R&B, Soul, Soft Rock, Indie Folk, Singer-Songwriter)"